{
  "energy_regression": {
    "r2_score": 0.993220160910457,
    "mae": 0.006302347207157383,
    "rmse": 0.010423049343219656
  },
  "energy_classification": {
    "accuracy": 0.9858823529411764,
    "precision": 0.9860894577880052,
    "recall": 0.9858823529411764,
    "f1": 0.9848199606521375,
    "report": "              precision    recall  f1-score   support\n\n           0       0.99      1.00      0.99       403\n           1       1.00      0.73      0.84        22\n\n    accuracy                           0.99       425\n   macro avg       0.99      0.86      0.92       425\nweighted avg       0.99      0.99      0.98       425\n"
  },
  "mood_classification": {
    "accuracy": 0.9788235294117648,
    "precision": 0.977344028520499,
    "recall": 0.9788235294117648,
    "f1": 0.9777394870841527,
    "report": "              precision    recall  f1-score   support\n\n        calm       1.00      0.83      0.91         6\n   energetic       0.67      0.50      0.57         8\n       happy       0.89      0.89      0.89        18\n         sad       0.99      0.99      0.99       393\n\n    accuracy                           0.98       425\n   macro avg       0.89      0.80      0.84       425\nweighted avg       0.98      0.98      0.98       425\n"
  },
  "meta": {
    "train_samples": 1836,
    "test_samples": 425
  }
}